<?xml version="1.0" encoding="UTF-8"?>
<GenRun Id="synth_1" LaunchPart="xc7a35tcpg236-1" LaunchTime="1573721256">
  <File Type="VDS-TIMING-PB" Name="Pmod_driver_timing_summary_synth.pb"/>
  <File Type="VDS-TIMINGSUMMARY" Name="Pmod_driver_timing_summary_synth.rpt"/>
  <File Type="RDS-DCP" Name="Pmod_driver.dcp"/>
  <File Type="RDS-UTIL-PB" Name="Pmod_driver_utilization_synth.pb"/>
  <File Type="RDS-UTIL" Name="Pmod_driver_utilization_synth.rpt"/>
  <File Type="RDS-PROPCONSTRS" Name="Pmod_driver_drc_synth.rpt"/>
  <File Type="RDS-RDS" Name="Pmod_driver.vds"/>
  <File Type="PA-TCL" Name="Pmod_driver.tcl"/>
  <FileSet Name="sources" Type="DesignSrcs" RelSrcDir="$PSRCDIR/sources_1">
    <Filter Type="Srcs"/>
    <File Path="$PSRCDIR/sources_1/imports/COL215/charLib.vhd">
      <FileInfo>
        <Attr Name="ImportPath" Val="$PPRDIR/../../COL215/charLib.vhd"/>
        <Attr Name="ImportTime" Val="1573719801"/>
        <Attr Name="UsedIn" Val="synthesis"/>
        <Attr Name="UsedIn" Val="simulation"/>
      </FileInfo>
    </File>
    <File Path="$PSRCDIR/sources_1/imports/COL215/SPI_interface.vhd">
      <FileInfo>
        <Attr Name="ImportPath" Val="$PPRDIR/../../COL215/SPI_interface.vhd"/>
        <Attr Name="ImportTime" Val="1573718208"/>
        <Attr Name="UsedIn" Val="synthesis"/>
        <Attr Name="UsedIn" Val="simulation"/>
      </FileInfo>
    </File>
    <File Path="$PSRCDIR/sources_1/imports/COL215/Delay.vhd">
      <FileInfo>
        <Attr Name="ImportPath" Val="$PPRDIR/../../COL215/Delay.vhd"/>
        <Attr Name="ImportTime" Val="1573718221"/>
        <Attr Name="UsedIn" Val="synthesis"/>
        <Attr Name="UsedIn" Val="simulation"/>
      </FileInfo>
    </File>
    <File Path="$PSRCDIR/sources_1/imports/COL215/BirdDisp.vhd">
      <FileInfo>
        <Attr Name="ImportPath" Val="$PPRDIR/../../COL215/BirdDisp.vhd"/>
        <Attr Name="ImportTime" Val="1573719553"/>
        <Attr Name="UsedIn" Val="synthesis"/>
        <Attr Name="UsedIn" Val="simulation"/>
      </FileInfo>
    </File>
    <File Path="$PSRCDIR/sources_1/imports/COL215/OLEDInit.vhd">
      <FileInfo>
        <Attr Name="ImportPath" Val="$PPRDIR/../../COL215/OLEDInit.vhd"/>
        <Attr Name="ImportTime" Val="1573718190"/>
        <Attr Name="UsedIn" Val="synthesis"/>
        <Attr Name="UsedIn" Val="simulation"/>
      </FileInfo>
    </File>
    <File Path="$PSRCDIR/sources_1/imports/COL215/Pmod_driver.vhd">
      <FileInfo>
        <Attr Name="ImportPath" Val="$PPRDIR/../../COL215/Pmod_driver.vhd"/>
        <Attr Name="ImportTime" Val="1573718723"/>
        <Attr Name="UsedIn" Val="synthesis"/>
        <Attr Name="UsedIn" Val="simulation"/>
      </FileInfo>
    </File>
    <Config>
      <Option Name="DesignMode" Val="RTL"/>
      <Option Name="TopModule" Val="Pmod_driver"/>
      <Option Name="TopAutoSet" Val="TRUE"/>
    </Config>
  </FileSet>
  <FileSet Name="constrs_in" Type="Constrs" RelSrcDir="$PSRCDIR/constrs_1">
    <Filter Type="Constrs"/>
    <File Path="$PSRCDIR/constrs_1/imports/COL215/Basys-3-Master.xdc">
      <FileInfo>
        <Attr Name="ImportPath" Val="$PPRDIR/../../COL215/Basys-3-Master.xdc"/>
        <Attr Name="ImportTime" Val="1573719159"/>
        <Attr Name="UsedIn" Val="synthesis"/>
        <Attr Name="UsedIn" Val="implementation"/>
      </FileInfo>
    </File>
    <Config>
      <Option Name="ConstrsType" Val="XDC"/>
    </Config>
  </FileSet>
  <Strategy Version="1" Minor="2">
    <StratHandle Name="Vivado Synthesis Defaults" Flow="Vivado Synthesis 2016">
      <Desc>Vivado Synthesis Defaults</Desc>
    </StratHandle>
    <Step Id="synth_design"/>
  </Strategy>
</GenRun>
