<?xml version="1.0" encoding="UTF-8"?>
<GenRun Id="impl_1" LaunchPart="xc7a35tcpg236-1" LaunchTime="1573721256">
  <File Type="WBT-USG" Name="usage_statistics_webtalk.html"/>
  <File Type="BG-DRC" Name="Pmod_driver.drc"/>
  <File Type="BG-BGN" Name="Pmod_driver.bgn"/>
  <File Type="BITSTR-SYSDEF" Name="Pmod_driver.sysdef"/>
  <File Type="BITSTR-MMI" Name="Pmod_driver.mmi"/>
  <File Type="BITSTR-BMM" Name="Pmod_driver_bd.bmm"/>
  <File Type="BITSTR-NKY" Name="Pmod_driver.nky"/>
  <File Type="BITSTR-RBT" Name="Pmod_driver.rbt"/>
  <File Type="BITSTR-MSK" Name="Pmod_driver.msk"/>
  <File Type="BG-BIN" Name="Pmod_driver.bin"/>
  <File Type="BG-BIT" Name="Pmod_driver.bit"/>
  <File Type="POSTROUTE-PHYSOPT-TIMING-RPX" Name="Pmod_driver_timing_summary_postroute_physopted.rpx"/>
  <File Type="POSTROUTE-PHYSOPT-TIMING-PB" Name="Pmod_driver_timing_summary_postroute_physopted.pb"/>
  <File Type="POSTROUTE-PHYSOPT-TIMING" Name="Pmod_driver_timing_summary_postroute_physopted.rpt"/>
  <File Type="POSTROUTE-PHYSOPT-BLACKBOX-DCP" Name="Pmod_driver_postroute_physopt_bb.dcp"/>
  <File Type="POSTROUTE-PHYSOPT-DCP" Name="Pmod_driver_postroute_physopt.dcp"/>
  <File Type="ROUTE-CLK" Name="Pmod_driver_clock_utilization_routed.rpt"/>
  <File Type="ROUTE-SIMILARITY" Name="Pmod_driver_incremental_reuse_routed.rpt"/>
  <File Type="ROUTE-TIMING-RPX" Name="Pmod_driver_timing_summary_routed.rpx"/>
  <File Type="ROUTE-TIMING-PB" Name="Pmod_driver_timing_summary_routed.pb"/>
  <File Type="ROUTE-TIMINGSUMMARY" Name="Pmod_driver_timing_summary_routed.rpt"/>
  <File Type="ROUTE-STATUS-PB" Name="Pmod_driver_route_status.pb"/>
  <File Type="ROUTE-STATUS" Name="Pmod_driver_route_status.rpt"/>
  <File Type="ROUTE-PWR-RPX" Name="Pmod_driver_power_routed.rpx"/>
  <File Type="ROUTE-PWR-SUM" Name="Pmod_driver_power_summary_routed.pb"/>
  <File Type="ROUTE-PWR" Name="Pmod_driver_power_routed.rpt"/>
  <File Type="ROUTE-METHODOLOGY-DRC-PB" Name="Pmod_driver_methodology_drc_routed.pb"/>
  <File Type="ROUTE-METHODOLOGY-DRC-RPX" Name="Pmod_driver_methodology_drc_routed.rpx"/>
  <File Type="ROUTE-METHODOLOGY-DRC" Name="Pmod_driver_methodology_drc_routed.rpt"/>
  <File Type="ROUTE-DRC-RPX" Name="Pmod_driver_drc_routed.rpx"/>
  <File Type="ROUTE-DRC-PB" Name="Pmod_driver_drc_routed.pb"/>
  <File Type="ROUTE-DRC" Name="Pmod_driver_drc_routed.rpt"/>
  <File Type="ROUTE-BLACKBOX-DCP" Name="Pmod_driver_routed_bb.dcp"/>
  <File Type="ROUTE-DCP" Name="Pmod_driver_routed.dcp"/>
  <File Type="ROUTE-ERROR-DCP" Name="Pmod_driver_routed_error.dcp"/>
  <File Type="PHYSOPT-TIMING" Name="Pmod_driver_timing_summary_physopted.rpt"/>
  <File Type="PHYSOPT-DRC" Name="Pmod_driver_drc_physopted.rpt"/>
  <File Type="PHYSOPT-DCP" Name="Pmod_driver_physopt.dcp"/>
  <File Type="POSTPLACE-PWROPT-TIMING" Name="Pmod_driver_timing_summary_postplace_pwropted.rpt"/>
  <File Type="RDI-RDI" Name="Pmod_driver.vdi"/>
  <File Type="PLACE-TIMING" Name="Pmod_driver_timing_summary_placed.rpt"/>
  <File Type="PLACE-PRE-SIMILARITY" Name="Pmod_driver_incremental_reuse_pre_placed.rpt"/>
  <File Type="PLACE-SIMILARITY" Name="Pmod_driver_incremental_reuse_placed.rpt"/>
  <File Type="PLACE-CTRL" Name="Pmod_driver_control_sets_placed.rpt"/>
  <File Type="PLACE-UTIL-PB" Name="Pmod_driver_utilization_placed.pb"/>
  <File Type="PLACE-UTIL" Name="Pmod_driver_utilization_placed.rpt"/>
  <File Type="PLACE-CLK" Name="Pmod_driver_clock_utilization_placed.rpt"/>
  <File Type="PLACE-IO" Name="Pmod_driver_io_placed.rpt"/>
  <File Type="PLACE-DCP" Name="Pmod_driver_placed.dcp"/>
  <File Type="PWROPT-TIMING" Name="Pmod_driver_timing_summary_pwropted.rpt"/>
  <File Type="PWROPT-DRC" Name="Pmod_driver_drc_pwropted.rpt"/>
  <File Type="PWROPT-DCP" Name="Pmod_driver_pwropt.dcp"/>
  <File Type="OPT-TIMING" Name="Pmod_driver_timing_summary_opted.rpt"/>
  <File Type="OPT-HWDEF" Name="Pmod_driver.hwdef"/>
  <File Type="OPT-METHODOLOGY-DRC" Name="Pmod_driver_methodology_drc_opted.rpt"/>
  <File Type="OPT-DRC" Name="Pmod_driver_drc_opted.rpt"/>
  <File Type="OPT-DCP" Name="Pmod_driver_opt.dcp"/>
  <File Type="INIT-TIMING" Name="Pmod_driver_timing_summary_init.rpt"/>
  <File Type="POSTPLACE-PWROPT-DCP" Name="Pmod_driver_postplace_pwropt.dcp"/>
  <File Type="PA-TCL" Name="Pmod_driver.tcl"/>
  <FileSet Name="sources" Type="DesignSrcs" RelSrcDir="$PSRCDIR/sources_1">
    <Filter Type="Srcs"/>
    <File Path="$PSRCDIR/sources_1/imports/COL215/charLib.vhd">
      <FileInfo>
        <Attr Name="ImportPath" Val="$PPRDIR/../../COL215/charLib.vhd"/>
        <Attr Name="ImportTime" Val="1573719801"/>
        <Attr Name="UsedIn" Val="synthesis"/>
        <Attr Name="UsedIn" Val="simulation"/>
      </FileInfo>
    </File>
    <File Path="$PSRCDIR/sources_1/imports/COL215/SPI_interface.vhd">
      <FileInfo>
        <Attr Name="ImportPath" Val="$PPRDIR/../../COL215/SPI_interface.vhd"/>
        <Attr Name="ImportTime" Val="1573718208"/>
        <Attr Name="UsedIn" Val="synthesis"/>
        <Attr Name="UsedIn" Val="simulation"/>
      </FileInfo>
    </File>
    <File Path="$PSRCDIR/sources_1/imports/COL215/Delay.vhd">
      <FileInfo>
        <Attr Name="ImportPath" Val="$PPRDIR/../../COL215/Delay.vhd"/>
        <Attr Name="ImportTime" Val="1573718221"/>
        <Attr Name="UsedIn" Val="synthesis"/>
        <Attr Name="UsedIn" Val="simulation"/>
      </FileInfo>
    </File>
    <File Path="$PSRCDIR/sources_1/imports/COL215/BirdDisp.vhd">
      <FileInfo>
        <Attr Name="ImportPath" Val="$PPRDIR/../../COL215/BirdDisp.vhd"/>
        <Attr Name="ImportTime" Val="1573719553"/>
        <Attr Name="UsedIn" Val="synthesis"/>
        <Attr Name="UsedIn" Val="simulation"/>
      </FileInfo>
    </File>
    <File Path="$PSRCDIR/sources_1/imports/COL215/OLEDInit.vhd">
      <FileInfo>
        <Attr Name="ImportPath" Val="$PPRDIR/../../COL215/OLEDInit.vhd"/>
        <Attr Name="ImportTime" Val="1573718190"/>
        <Attr Name="UsedIn" Val="synthesis"/>
        <Attr Name="UsedIn" Val="simulation"/>
      </FileInfo>
    </File>
    <File Path="$PSRCDIR/sources_1/imports/COL215/Pmod_driver.vhd">
      <FileInfo>
        <Attr Name="ImportPath" Val="$PPRDIR/../../COL215/Pmod_driver.vhd"/>
        <Attr Name="ImportTime" Val="1573718723"/>
        <Attr Name="UsedIn" Val="synthesis"/>
        <Attr Name="UsedIn" Val="simulation"/>
      </FileInfo>
    </File>
    <Config>
      <Option Name="DesignMode" Val="RTL"/>
      <Option Name="TopModule" Val="Pmod_driver"/>
      <Option Name="TopAutoSet" Val="TRUE"/>
    </Config>
  </FileSet>
  <FileSet Name="constrs_in" Type="Constrs" RelSrcDir="$PSRCDIR/constrs_1">
    <Filter Type="Constrs"/>
    <File Path="$PSRCDIR/constrs_1/imports/COL215/Basys-3-Master.xdc">
      <FileInfo>
        <Attr Name="ImportPath" Val="$PPRDIR/../../COL215/Basys-3-Master.xdc"/>
        <Attr Name="ImportTime" Val="1573719159"/>
        <Attr Name="UsedIn" Val="synthesis"/>
        <Attr Name="UsedIn" Val="implementation"/>
      </FileInfo>
    </File>
    <Config>
      <Option Name="ConstrsType" Val="XDC"/>
    </Config>
  </FileSet>
  <Strategy Version="1" Minor="2">
    <StratHandle Name="Vivado Implementation Defaults" Flow="Vivado Implementation 2016">
      <Desc>Default settings for Implementation.</Desc>
    </StratHandle>
    <Step Id="init_design"/>
    <Step Id="opt_design"/>
    <Step Id="power_opt_design"/>
    <Step Id="place_design"/>
    <Step Id="post_place_power_opt_design"/>
    <Step Id="phys_opt_design"/>
    <Step Id="route_design"/>
    <Step Id="post_route_phys_opt_design"/>
    <Step Id="write_bitstream"/>
  </Strategy>
</GenRun>
